Date,Submitted,Verified,Primary_t,Realtime_t,Category
2022-03-17,2022-03-26T17:05:58Z,verified,2079,2079,Any%
2022-03-18,2022-03-27T22:39:38Z,verified,1715,1715,Any%
2022-03-20,2022-03-25T06:09:10Z,verified,1644,1644,Any%
2022-03-22,2022-03-25T02:25:10Z,verified,2402,2402,Any%
2022-03-22,2022-03-26T14:50:15Z,verified,1798,1798,Any%
2022-03-23,2022-03-25T08:48:54Z,verified,1935,1935,Any%
2022-03-23,2022-03-25T14:47:23Z,verified,2317,2317,Any%
2022-03-24,2022-03-25T04:11:54Z,verified,1926,1926,Any%
2022-03-24,2022-03-25T05:38:09Z,verified,1688,1688,Any%
2022-03-24,2022-03-25T09:50:43Z,verified,2665,2665,Any%
2022-03-25,2022-03-25T11:06:29Z,verified,1698,1698,Any%
2022-03-25,2022-03-25T13:18:23Z,verified,1693,1693,Any%
2022-03-25,2022-03-25T14:02:24Z,verified,1747,1747,Any%
2022-03-25,2022-03-25T19:42:15Z,verified,2455,2455,Any%
2022-03-25,2022-03-26T03:10:52Z,verified,1763,1763,Any%
2022-03-26,2022-03-25T22:01:43Z,verified,1740,1740,Any%
2022-03-26,2022-03-26T07:47:33Z,verified,2629,2629,Any%
2022-03-26,2022-03-26T07:54:06Z,verified,1611,1611,Any%
2022-03-26,2022-03-26T13:42:40Z,verified,2389,2389,Any%
2022-03-26,2022-03-26T18:50:15Z,verified,2296,2296,Any%
2022-03-27,2022-03-27T05:01:49Z,verified,1604,1604,Any%
2022-03-27,2022-03-27T09:49:27Z,verified,2586,2586,Any%
2022-03-27,2022-03-27T10:21:40Z,verified,1586,1586,Any%
2022-03-27,2022-03-27T12:49:45Z,verified,1923,1923,Any%
2022-03-27,2022-03-27T14:04:02Z,verified,1742,1742,Any%
2022-03-27,2022-03-27T15:15:06Z,verified,2709,2709,Any%
2022-03-27,2022-03-27T18:31:17Z,verified,2091,2091,Any%
2022-03-27,2022-03-28T01:31:18Z,verified,1662,1662,Any%
2022-03-28,2022-03-27T23:18:04Z,verified,2142,2142,Any%
2022-03-28,2022-03-28T01:34:51Z,verified,1591,1591,Any%
2022-03-28,2022-03-28T09:28:15Z,verified,2555,2555,Any%
2022-03-28,2022-03-28T15:51:00Z,verified,1831,1831,Any%
2022-03-28,2022-03-28T17:55:45Z,verified,2479,2479,Any%
2022-03-28,2022-03-28T20:28:26Z,verified,2446,2446,Any%
2022-03-28,2022-03-29T05:35:36Z,verified,2367,2367,Any%
2022-03-29,2022-03-29T05:54:04Z,verified,1719,1719,Any%
2022-03-29,2022-03-29T10:47:47Z,verified,1932,1932,Any%
2022-03-29,2022-03-29T11:56:23Z,verified,1700,1700,Any%
2022-03-29,2022-03-29T17:13:14Z,verified,1998,1998,Any%
2022-03-29,2022-03-29T21:52:11Z,verified,1981,1981,Any%
2022-03-29,2022-03-30T04:59:05Z,verified,1638,1638,Any%
2022-03-30,2022-03-30T01:49:39Z,verified,1826,1826,Any%
2022-03-30,2022-03-30T01:56:39Z,verified,1828,1828,Any%
2022-03-30,2022-03-30T07:04:10Z,verified,1583,1583,Any%
2022-03-30,2022-03-30T08:34:29Z,verified,1724,1724,Any%
2022-03-30,2022-03-30T11:45:57Z,verified,1581,1581,Any%
2022-03-30,2022-03-30T15:39:34Z,verified,1838,1838,Any%
2022-03-30,2022-03-30T19:32:35Z,verified,1776,1776,Any%
2022-03-30,2022-03-30T22:10:01Z,verified,1712,1712,Any%
2022-03-30,2022-03-30T23:04:58Z,verified,3545,3545,Any%
2022-03-30,2022-03-30T23:30:01Z,verified,2065,2065,Any%
2022-03-30,2022-03-31T04:16:24Z,verified,1628,1628,Any%
2022-03-30,2022-03-31T10:57:43Z,verified,2453,2453,Any%
2022-03-30,2022-03-31T15:05:48Z,verified,2423,2423,Any%
2022-03-31,2022-03-31T07:19:08Z,verified,1567,1567,Any%
2022-03-31,2022-03-31T10:21:47Z,verified,1683,1683,Any%
2022-03-31,2022-03-31T17:26:43Z,verified,2359,2359,Any%
2022-03-31,2022-03-31T19:31:50Z,verified,1877,1877,Any%
2022-03-31,2022-03-31T21:53:41Z,verified,2199,2199,Any%
2022-03-31,2022-04-01T00:58:17Z,verified,2348,2348,Any%
2022-04-01,2022-04-02T20:41:25Z,verified,1827,1827,Any%
2022-04-02,2022-04-02T01:00:21Z,verified,1832,1832,Any%
2022-04-02,2022-04-02T07:08:30Z,verified,1642,1642,Any%
2022-04-02,2022-04-02T17:18:53Z,verified,1648,1648,Any%
2022-04-02,2022-04-02T18:32:52Z,verified,1938,1938,Any%
2022-04-02,2022-04-03T15:52:17Z,verified,2768,2768,Any%
2022-04-03,2022-04-02T23:41:50Z,verified,2158,2158,Any%
2022-04-03,2022-04-03T20:54:56Z,verified,1729,1729,Any%
2022-04-03,2022-04-04T00:45:56Z,verified,1655,1655,Any%
2022-04-03,2022-04-04T04:47:02Z,verified,2101,2101,Any%
2022-04-04,2022-04-04T11:53:56Z,verified,1620,1620,Any%
2022-04-04,2022-04-04T12:33:04Z,verified,1687,1687,Any%
2022-04-04,2022-04-04T13:45:01Z,verified,1620,1620,Any%
2022-04-04,2022-04-04T18:51:39Z,verified,2099,2099,Any%
2022-04-05,2022-04-04T17:35:11Z,verified,1807,1807,Any%
2022-04-05,2022-04-05T00:05:55Z,verified,1651,1651,Any%
2022-04-05,2022-04-05T22:05:04Z,verified,1632,1632,Any%
2022-04-05,2022-04-05T23:13:37Z,verified,1790,1790,Any%
2022-04-05,2022-04-05T23:35:57Z,verified,2230,2230,Any%
2022-04-06,2022-04-05T16:06:48Z,verified,1694,1694,Any%
2022-04-06,2022-04-06T06:32:46Z,verified,2059,2059,Any%
2022-04-06,2022-04-06T15:25:23Z,verified,1719,1719,Any%
2022-04-06,2022-04-06T20:59:09Z,verified,1595,1595,Any%
2022-04-06,2022-04-07T02:19:00Z,verified,1606,1606,Any%
2022-04-07,2022-04-07T09:32:40Z,verified,1667,1667,Any%
2022-04-07,2022-04-07T14:57:04Z,verified,1912,1912,Any%
2022-04-07,2022-04-08T01:10:58Z,verified,1894,1894,Any%
2022-04-07,2022-04-08T15:28:47Z,verified,1988,1988,Any%
2022-04-08,2022-04-07T15:21:08Z,verified,2445,2445,Any%
2022-04-08,2022-04-08T02:05:37Z,verified,2113,2113,Any%
2022-04-08,2022-04-08T07:28:46Z,verified,2038,2038,Any%
2022-04-08,2022-04-08T17:24:51Z,verified,1610,1610,Any%
2022-04-08,2022-04-08T20:39:43Z,verified,1662,1662,Any%
2022-04-09,2022-04-09T17:09:51Z,verified,2452,2452,Any%
2022-04-09,2022-04-09T18:50:18Z,verified,1717,1717,Any%
2022-04-09,2022-04-10T02:46:51Z,verified,2181,2181,Any%
2022-04-10,2022-04-10T03:35:02Z,verified,2225,2225,Any%
2022-04-10,2022-04-10T09:43:25Z,verified,1625,1625,Any%
2022-04-10,2022-04-10T10:06:32Z,verified,1998,1998,Any%
2022-04-10,2022-04-10T10:41:33Z,verified,1637,1637,Any%
2022-04-10,2022-04-10T21:45:48Z,verified,1986,1986,Any%
2022-04-11,2022-04-11T13:37:13Z,verified,1955,1955,Any%
2022-04-12,2022-04-12T16:58:39Z,verified,1702,1702,Any%
2022-04-13,2022-04-13T00:10:40Z,verified,1608,1608,Any%
2022-04-13,2022-04-13T10:01:20Z,verified,1664,1664,Any%
2022-04-13,2022-04-13T15:27:41Z,verified,1676,1676,Any%
2022-04-13,2022-04-13T15:35:00Z,verified,1573,1573,Any%
2022-04-13,2022-04-13T18:29:17Z,verified,2030,2030,Any%
2022-04-13,2022-04-13T21:04:07Z,verified,1757,1757,Any%
2022-04-13,2022-04-13T21:58:49Z,verified,1594,1594,Any%
2022-04-13,2022-04-14T02:07:58Z,verified,1869,1869,Any%
2022-04-14,2022-04-14T10:59:30Z,verified,1938,1938,Any%
2022-04-14,2022-04-14T13:38:41Z,verified,1563,1563,Any%
2022-04-14,2022-04-15T03:45:55Z,verified,1788,1788,Any%
2022-04-15,2022-04-15T08:39:16Z,verified,1595,1595,Any%
2022-04-15,2022-04-16T06:27:29Z,verified,2078,2078,Any%
2022-04-16,2022-04-16T13:45:43Z,verified,1812,1812,Any%
2022-04-16,2022-04-16T19:31:31Z,verified,1773,1773,Any%
2022-04-16,2022-04-16T21:54:30Z,verified,2302,2302,Any%
2022-04-16,2022-04-16T23:18:12Z,verified,1788,1788,Any%
2022-04-16,2022-04-17T01:46:23Z,verified,2295,2295,Any%
2022-04-17,2022-04-17T12:10:49Z,verified,1670,1670,Any%
2022-04-18,2022-04-18T10:07:58Z,verified,1595,1595,Any%
2022-04-18,2022-04-18T12:00:40Z,verified,1854,1854,Any%
2022-04-19,2022-04-18T17:07:10Z,verified,1610,1610,Any%
2022-04-19,2022-04-18T22:32:02Z,verified,1576,1576,Any%
2022-04-19,2022-04-19T05:01:14Z,verified,1642,1642,Any%
2022-04-19,2022-04-19T13:51:12Z,verified,1761,1761,Any%
2022-04-19,2022-04-19T17:53:26Z,verified,1562,1562,Any%
2022-04-19,2022-04-19T18:57:30Z,verified,1746,1746,Any%
2022-04-19,2022-04-19T19:34:48Z,verified,1548,1548,Any%
2022-04-19,2022-04-20T04:16:58Z,verified,1587,1587,Any%
2022-04-20,2022-04-21T00:40:56Z,verified,2292,2292,Any%
2022-04-22,2022-04-22T00:04:14Z,verified,1664,1664,Any%
2022-04-22,2022-04-22T12:58:07Z,verified,1678,1678,Any%
2022-04-22,2022-04-22T22:18:45Z,verified,2091,2091,Any%
2022-04-22,2022-04-23T02:08:31Z,verified,1984,1984,Any%
2022-04-23,2022-04-22T23:52:55Z,verified,1901,1901,Any%
2022-04-23,2022-04-23T12:20:58Z,verified,1587,1587,Any%
2022-04-23,2022-04-23T19:57:19Z,verified,2345,2345,Any%
2022-04-24,2022-04-24T09:53:09Z,verified,1579,1579,Any%
2022-04-24,2022-04-24T15:19:00Z,verified,1548,1548,Any%
2022-04-24,2022-04-25T00:49:30Z,verified,2169,2169,Any%
2022-04-24,2022-04-25T05:18:56Z,verified,1798,1798,Any%
2022-04-25,2022-04-24T23:28:01Z,verified,1680,1680,Any%
2022-04-25,2022-04-25T10:19:29Z,verified,1570,1570,Any%
2022-04-25,2022-04-26T01:15:43Z,verified,2148,2148,Any%
2022-04-26,2022-04-26T11:51:48Z,verified,1889,1889,Any%
2022-04-27,2022-04-26T19:48:38Z,verified,2261,2261,Any%
2022-04-28,2022-04-28T13:48:12Z,verified,1619,1619,Any%
2022-04-28,2022-04-29T01:00:38Z,verified,2076,2076,Any%
2022-04-29,2022-04-30T01:26:36Z,verified,2044,2044,Any%
2022-04-29,2022-04-30T02:23:19Z,verified,2039,2039,Any%
2022-04-30,2022-04-30T11:06:30Z,verified,1753,1753,Any%
2022-04-30,2022-04-30T20:56:19Z,verified,1794,1794,Any%
2022-04-30,2022-05-02T00:17:43Z,verified,1549,1549,Any%
2022-05-01,2022-05-01T11:07:34Z,verified,1578,1578,Any%
2022-05-01,2022-05-01T16:09:26Z,verified,1819,1819,Any%
2022-05-01,2022-05-02T02:25:34Z,verified,2033,2033,Any%
2022-05-02,2022-05-02T15:47:34Z,verified,1556,1556,Any%
2022-05-02,2022-05-02T19:46:55Z,verified,1761,1761,Any%
2022-05-02,2022-05-03T00:39:38Z,verified,2016,2016,Any%
2022-05-03,2022-05-03T10:11:54Z,verified,1786,1786,Any%
2022-05-03,2022-05-04T02:22:11Z,verified,1546,1546,Any%
2022-05-04,2022-05-03T15:35:37Z,verified,1585,1585,Any%
2022-05-04,2022-05-04T17:04:24Z,verified,1579,1579,Any%
2022-05-05,2022-05-05T07:08:56Z,verified,1537,1537,Any%
2022-05-05,2022-05-05T12:40:28Z,verified,1709,1709,Any%
2022-05-05,2022-05-06T01:18:40Z,verified,2005,2005,Any%
2022-05-06,2022-05-07T01:17:15Z,verified,1959,1959,Any%
2022-05-07,2022-05-07T10:12:32Z,verified,1551,1551,Any%
2022-05-07,2022-05-07T18:22:18Z,verified,1652,1652,Any%
2022-05-09,2022-05-08T20:23:32Z,verified,1541,1541,Any%
2022-05-09,2022-05-09T00:46:02Z,verified,1880,1880,Any%
2022-05-09,2022-05-09T20:19:57Z,verified,1649,1649,Any%
2022-05-10,2022-05-09T22:54:41Z,verified,1563,1563,Any%
2022-05-10,2022-05-10T08:54:28Z,verified,1538,1538,Any%
2022-05-10,2022-05-10T17:42:10Z,verified,1630,1630,Any%
2022-05-10,2022-05-11T00:53:45Z,verified,1882,1882,Any%
2022-05-11,2022-05-12T02:58:27Z,verified,1668,1668,Any%
2022-05-11,2022-05-12T03:17:04Z,verified,1527,1527,Any%
2022-05-12,2022-05-12T00:06:33Z,verified,1568,1568,Any%
2022-05-12,2022-05-12T19:03:26Z,verified,1591,1591,Any%
2022-05-13,2022-05-13T03:21:11Z,verified,1734,1734,Any%
2022-05-14,2022-05-14T06:39:19Z,verified,1544,1544,Any%
2022-05-14,2022-05-14T17:39:00Z,verified,1572,1572,Any%
2022-05-15,2022-05-14T16:16:15Z,verified,1542,1542,Any%
2022-05-15,2022-05-16T00:29:36Z,verified,1687,1687,Any%
2022-05-15,2022-05-16T05:42:54Z,verified,1709,1709,Any%
2022-05-16,2022-05-16T02:02:17Z,verified,1538,1538,Any%
2022-05-17,2022-05-17T05:18:10Z,verified,1526,1526,Any%
2022-05-17,2022-05-17T07:29:57Z,verified,1536,1536,Any%
2022-05-18,2022-05-17T22:42:50Z,verified,1521,1521,Any%
2022-05-18,2022-05-17T23:41:38Z,verified,1524,1524,Any%
2022-05-19,2022-05-20T00:22:12Z,verified,1665,1665,Any%
2022-05-21,2022-05-21T18:13:46Z,verified,1535,1535,Any%
2022-05-23,2022-05-22T15:10:37Z,verified,1518,1518,Any%
2022-05-27,2022-05-27T00:00:44Z,verified,1518,1518,Any%
2022-05-27,2022-05-27T17:14:59Z,verified,1529,1529,Any%
2022-05-27,2022-05-27T19:54:03Z,verified,1506,1506,Any%
2022-05-28,2022-05-28T16:02:44Z,verified,1977,1977,Any%
2022-05-29,2022-05-30T09:15:28Z,verified,2915,2915,Any%
2022-06-04,2022-06-03T15:42:15Z,verified,1659,1659,Any%
2022-06-04,2022-06-06T15:29:08Z,verified,1827,1827,Any%
2022-06-09,2022-06-08T17:09:12Z,verified,1450,1450,Any%
2022-06-11,2022-06-11T15:42:17Z,verified,1395,1395,Any%
2022-06-13,2022-06-13T13:36:52Z,verified,1632,1632,Any%
2022-06-16,2022-06-15T16:06:05Z,verified,1388,1388,Any%
2022-06-16,2022-06-16T16:41:56Z,verified,1372,1372,Any%
2022-06-21,2022-06-20T15:01:16Z,verified,1351,1351,Any%
2022-06-24,2022-06-23T15:53:12Z,verified,1339,1339,Any%
2022-06-24,2022-06-24T09:09:05Z,verified,1300,1300,Any%
2022-06-24,2022-06-24T17:06:20Z,verified,1296,1296,Any%
2022-06-30,2022-06-30T06:23:45Z,verified,1453,1453,Any%
2022-07-01,2022-06-30T17:09:24Z,verified,1483,1483,Any%
2022-07-01,2022-07-02T00:24:02Z,verified,1631,1631,Any%
2022-07-02,2022-07-02T11:16:42Z,verified,1586,1586,Any%
2022-07-02,2022-07-17T22:21:55Z,verified,2355,2355,Any%
2022-07-03,2022-07-03T13:36:22Z,verified,1376,1376,Any%
2022-07-05,2022-07-05T05:44:27Z,verified,1349,1349,Any%
2022-07-11,2022-07-11T14:10:28Z,verified,2890,2890,Any%
2022-07-15,2022-07-15T02:16:42Z,verified,1520,1520,Any%
2022-07-21,2022-07-21T10:43:20Z,verified,1286,1286,Any%
2022-07-21,2022-07-21T17:43:20Z,verified,1269,1269,Any%
2022-07-27,2022-07-28T05:32:55Z,verified,1269,1269,Any%
2022-07-31,2022-07-31T04:23:36Z,verified,1862,1862,Any%
2022-08-02,2022-08-02T11:42:30Z,verified,1237,1237,Any%
2022-08-05,2022-08-04T22:17:36Z,verified,1381,1381,Any%
2022-08-05,2022-08-05T13:53:56Z,verified,1225,1225,Any%
2022-08-07,2022-08-08T01:01:52Z,verified,1657,1657,Any%
2022-08-11,2022-08-10T22:34:05Z,verified,1470,1470,Any%
2022-08-24,2022-08-24T13:11:35Z,verified,1218,1218,Any%
2022-08-24,2022-08-24T18:06:32Z,verified,1665,1665,Any%
2022-08-26,2022-08-26T21:48:54Z,verified,1274,1274,Any%
2022-08-27,2022-08-27T14:00:01Z,verified,1216,1216,Any%
2022-08-29,2022-08-29T13:52:17Z,verified,1213,1213,Any%
2022-08-29,2022-08-29T18:51:30Z,verified,1253,1253,Any%
2022-09-02,2022-09-01T23:04:37Z,verified,1236,1236,Any%
2022-09-06,2022-09-05T22:53:24Z,verified,1307,1307,Any%
2022-09-14,2022-09-14T12:03:04Z,verified,1203,1203,Any%
2022-09-15,2022-09-15T22:46:42Z,verified,1202,1202,Any%
2022-09-17,2022-09-18T01:00:52Z,verified,1189,1189,Any%
2022-10-30,2022-10-30T09:37:16Z,verified,1283,1283,Any%
2023-02-15,2023-02-15T18:08:50Z,verified,1770,1770,Any%
2023-03-11,2023-03-14T06:17:18Z,verified,1884,1884,Any%
2023-03-20,2023-03-20T01:11:29Z,verified,1418,1418,Any%
2023-04-18,2023-04-18T14:58:01Z,verified,1180,1180,Any%
2023-05-24,2023-05-24T11:04:46Z,verified,2737,2737,Any%
2023-06-08,2023-06-08T11:27:52Z,verified,2468,2468,Any%
2023-06-12,2023-06-12T11:41:34Z,verified,2008,2008,Any%
2023-06-30,2023-06-29T18:51:21Z,verified,1734,1734,Any%
2023-07-24,2023-07-24T12:25:08Z,verified,1596,1596,Any%
2023-08-01,2023-08-01T19:39:22Z,verified,1539,1539,Any%
2023-08-09,2023-08-09T11:19:47Z,verified,1227,1227,Any%
2023-08-09,2023-08-09T11:51:58Z,verified,1452,1452,Any%
2023-08-12,2023-08-12T12:42:41Z,verified,1205,1205,Any%
2023-08-22,2023-08-22T07:40:44Z,verified,2477,2477,Any%
2023-08-25,2023-08-25T07:46:26Z,verified,2328,2328,Any%
2023-09-12,2023-09-13T01:26:37Z,verified,1822,1822,Any%
2023-09-22,2023-09-22T11:04:20Z,verified,1278,1278,Any%
2023-10-06,2023-10-06T03:10:28Z,verified,1702,1702,Any%
2023-10-07,2023-10-07T00:53:12Z,verified,1609,1609,Any%
2023-10-10,2023-10-10T06:31:53Z,verified,1536,1536,Any%
2023-10-19,2023-10-19T23:59:45Z,verified,1478,1478,Any%
2023-10-25,2023-10-25T15:57:46Z,verified,1170,1170,Any%
2023-12-24,2023-12-24T05:38:48Z,verified,1255,1255,Any%
2024-01-07,2024-01-07T02:03:27Z,verified,1441,1441,Any%
2024-02-24,2024-02-24T05:15:52Z,verified,1229,1229,Any%
2022-03-22,2022-03-25T06:10:47Z,verified,1477,1477,Any% Unrestricted
2022-03-25,2022-03-26T21:52:07Z,verified,1417,1417,Any% Unrestricted
2022-04-04,2022-04-04T13:28:32Z,verified,1175,1175,Any% Unrestricted
2022-04-04,2022-04-04T21:38:06Z,verified,1063,1063,Any% Unrestricted
2022-04-06,2022-04-06T14:59:37Z,verified,1072,1072,Any% Unrestricted
2022-04-06,2022-04-07T12:52:55Z,verified,965,965,Any% Unrestricted
2022-04-07,2022-04-07T22:58:18Z,verified,855,855,Any% Unrestricted
2022-04-07,2022-04-08T20:47:23Z,verified,752,752,Any% Unrestricted
2022-04-10,2022-04-10T20:23:59Z,verified,740,740,Any% Unrestricted
2022-04-10,2022-04-11T09:45:15Z,verified,580,580,Any% Unrestricted
2022-04-11,2022-04-11T05:17:29Z,verified,536,536,Any% Unrestricted
2022-04-12,2022-04-12T17:19:26Z,verified,419,419,Any% Unrestricted
2022-04-15,2022-04-15T01:52:33Z,verified,436,436,Any% Unrestricted
2022-04-16,2022-04-16T18:58:23Z,verified,406,406,Any% Unrestricted
2022-04-18,2022-04-18T20:01:30Z,verified,398,398,Any% Unrestricted
2022-04-21,2022-04-21T19:49:46Z,verified,358,358,Any% Unrestricted
2022-07-04,2022-07-04T15:54:50Z,verified,512,512,Any% Unrestricted
2022-07-08,2022-07-08T08:32:16Z,verified,416,416,Any% Unrestricted
2022-07-15,2022-07-15T12:45:12Z,verified,310,310,Any% Unrestricted
2022-07-18,2022-07-18T17:08:16Z,verified,298,298,Any% Unrestricted
2022-07-21,2022-07-21T10:41:05Z,verified,272,272,Any% Unrestricted
2022-07-21,2022-07-21T18:10:05Z,verified,263,263,Any% Unrestricted
2022-07-26,2022-07-26T13:11:51Z,verified,246,246,Any% Unrestricted
2022-07-30,2022-07-30T18:30:33Z,verified,238,238,Any% Unrestricted
2022-08-09,2022-08-09T06:05:18Z,verified,242,242,Any% Unrestricted
2022-08-15,2022-08-15T05:23:36Z,verified,236,236,Any% Unrestricted
2023-02-21,2023-02-19T16:35:07Z,verified,398,398,Any% Unrestricted
2023-02-23,2023-02-23T14:44:05Z,verified,358,358,Any% Unrestricted
2023-05-31,2023-05-31T12:13:15Z,verified,282,282,Any% Unrestricted
2023-08-27,2023-10-28T16:02:43Z,verified,10146,10146,Any% Unrestricted
2023-12-16,2023-12-16T16:03:26Z,verified,3238,3238,Any% Unrestricted
2023-12-26,2023-12-29T04:26:25Z,verified,309,309,Any% Unrestricted
2023-12-30,2023-12-31T14:38:09Z,verified,260,260,Any% Unrestricted
2024-01-10,2024-01-10T09:08:06Z,verified,2878,2878,Any% Unrestricted
2022-03-18,2022-03-25T19:21:57Z,verified,3780,3780,Any% No Wrong Warp
2022-03-25,2022-03-26T00:54:33Z,verified,6507,6507,Any% No Wrong Warp
2022-03-28,2022-03-29T01:14:24Z,verified,3654,3654,Any% No Wrong Warp
2022-04-02,2022-04-02T21:33:48Z,verified,5882,5882,Any% No Wrong Warp
2022-04-04,2022-04-04T07:32:09Z,verified,5387,5387,Any% No Wrong Warp
2022-04-04,2022-04-04T14:59:37Z,verified,3561,3561,Any% No Wrong Warp
2022-04-05,2022-04-05T18:55:12Z,verified,5822,5822,Any% No Wrong Warp
2022-04-06,2022-04-06T07:06:31Z,verified,6508,6508,Any% No Wrong Warp
2022-04-06,2022-04-06T12:44:43Z,verified,3508,3508,Any% No Wrong Warp
2022-04-07,2022-04-08T01:41:03Z,verified,3580,3580,Any% No Wrong Warp
2022-04-08,2022-04-08T16:16:08Z,verified,5949,5949,Any% No Wrong Warp
2022-04-08,2022-04-09T16:57:55Z,verified,3617,3617,Any% No Wrong Warp
2022-04-09,2022-04-09T09:31:03Z,verified,5756,5756,Any% No Wrong Warp
2022-04-09,2022-04-09T21:46:28Z,verified,5379,5379,Any% No Wrong Warp
2022-04-09,2022-04-10T11:10:57Z,verified,6383,6383,Any% No Wrong Warp
2022-04-10,2022-04-10T19:02:52Z,verified,4989,4989,Any% No Wrong Warp
2022-04-10,2022-04-11T00:04:53Z,verified,5252,5252,Any% No Wrong Warp
2022-04-11,2022-04-10T15:37:15Z,verified,6341,6341,Any% No Wrong Warp
2022-04-12,2022-04-12T07:35:01Z,verified,3444,3444,Any% No Wrong Warp
2022-04-12,2022-04-12T10:27:12Z,verified,5010,5010,Any% No Wrong Warp
2022-04-13,2022-04-13T10:30:35Z,verified,4730,4730,Any% No Wrong Warp
2022-04-13,2022-04-14T15:58:14Z,verified,5194,5194,Any% No Wrong Warp
2022-04-15,2022-04-15T08:48:45Z,verified,4478,4478,Any% No Wrong Warp
2022-04-18,2022-04-18T20:40:58Z,verified,5955,5955,Any% No Wrong Warp
2022-04-18,2022-04-18T23:00:00Z,verified,4547,4547,Any% No Wrong Warp
2022-04-18,2022-04-19T09:08:24Z,verified,4640,4640,Any% No Wrong Warp
2022-04-19,2022-04-18T18:02:19Z,verified,6249,6249,Any% No Wrong Warp
2022-04-19,2022-04-19T14:10:42Z,verified,5234,5234,Any% No Wrong Warp
2022-04-19,2022-04-19T23:59:17Z,verified,4463,4463,Any% No Wrong Warp
2022-04-23,2022-04-24T18:19:04Z,verified,3554,3554,Any% No Wrong Warp
2022-04-24,2022-04-24T11:05:04Z,verified,4431,4431,Any% No Wrong Warp
2022-04-25,2022-04-26T09:06:45Z,verified,4478,4478,Any% No Wrong Warp
2022-04-27,2022-04-27T09:11:36Z,verified,4373,4373,Any% No Wrong Warp
2022-04-29,2022-04-29T15:53:27Z,verified,4325,4325,Any% No Wrong Warp
2022-04-30,2022-04-30T20:18:32Z,verified,4969,4969,Any% No Wrong Warp
2022-04-30,2022-04-30T21:34:42Z,verified,4807,4807,Any% No Wrong Warp
2022-05-01,2022-05-02T01:11:13Z,verified,5388,5388,Any% No Wrong Warp
2022-05-03,2022-05-03T15:21:50Z,verified,4359,4359,Any% No Wrong Warp
2022-05-04,2022-05-04T17:37:22Z,verified,5111,5111,Any% No Wrong Warp
2022-05-05,2022-05-05T10:24:07Z,verified,4130,4130,Any% No Wrong Warp
2022-05-05,2022-05-05T17:16:47Z,verified,4561,4561,Any% No Wrong Warp
2022-05-07,2022-05-07T09:11:01Z,verified,3402,3402,Any% No Wrong Warp
2022-05-08,2022-05-07T19:25:58Z,verified,4547,4547,Any% No Wrong Warp
2022-05-09,2022-05-10T08:06:46Z,verified,4096,4096,Any% No Wrong Warp
2022-05-11,2022-05-12T15:36:03Z,verified,4489,4489,Any% No Wrong Warp
2022-05-12,2022-05-12T19:53:24Z,verified,4466,4466,Any% No Wrong Warp
2022-05-12,2022-05-13T02:26:21Z,verified,3766,3766,Any% No Wrong Warp
2022-05-13,2022-05-13T10:09:11Z,verified,4049,4049,Any% No Wrong Warp
2022-05-14,2022-05-14T06:59:59Z,verified,5148,5148,Any% No Wrong Warp
2022-05-14,2022-05-14T13:34:26Z,verified,4258,4258,Any% No Wrong Warp
2022-05-14,2022-05-15T05:01:23Z,verified,5687,5687,Any% No Wrong Warp
2022-05-15,2022-05-15T14:08:25Z,verified,4400,4400,Any% No Wrong Warp
2022-05-16,2022-05-16T14:24:28Z,verified,4313,4313,Any% No Wrong Warp
2022-05-16,2022-05-16T23:17:22Z,verified,3201,3201,Any% No Wrong Warp
2022-05-17,2022-05-17T14:35:54Z,verified,4251,4251,Any% No Wrong Warp
2022-05-18,2022-05-18T08:18:46Z,verified,3101,3101,Any% No Wrong Warp
2022-05-19,2022-05-18T16:47:02Z,verified,4135,4135,Any% No Wrong Warp
2022-05-20,2022-05-20T17:06:15Z,verified,4219,4219,Any% No Wrong Warp
2022-05-20,2022-05-20T17:49:06Z,verified,4521,4521,Any% No Wrong Warp
2022-05-21,2022-05-21T05:34:31Z,verified,2971,2971,Any% No Wrong Warp
2022-05-24,2022-05-24T05:08:29Z,verified,3263,3263,Any% No Wrong Warp
2022-05-24,2022-05-24T11:46:38Z,verified,4977,4977,Any% No Wrong Warp
2022-05-24,2022-05-24T18:48:06Z,verified,3123,3123,Any% No Wrong Warp
2022-05-29,2022-05-29T20:59:32Z,verified,3093,3093,Any% No Wrong Warp
2022-05-30,2022-05-30T09:17:36Z,verified,2906,2906,Any% No Wrong Warp
2022-06-03,2022-06-02T17:05:51Z,verified,4411,4411,Any% No Wrong Warp
2022-06-08,2022-06-08T12:08:03Z,verified,4191,4191,Any% No Wrong Warp
2022-06-08,2022-06-09T05:23:23Z,verified,4491,4491,Any% No Wrong Warp
2022-06-19,2022-06-18T21:51:44Z,verified,4322,4322,Any% No Wrong Warp
2022-06-25,2022-06-25T13:18:11Z,verified,2962,2962,Any% No Wrong Warp
2022-06-26,2022-06-26T21:47:57Z,verified,2951,2951,Any% No Wrong Warp
2022-06-30,2022-06-30T00:17:11Z,verified,2856,2856,Any% No Wrong Warp
2022-07-04,2022-07-04T13:37:26Z,verified,3711,3711,Any% No Wrong Warp
2022-07-08,2022-07-08T18:45:05Z,verified,2809,2809,Any% No Wrong Warp
2022-07-09,2022-07-10T05:25:54Z,verified,2697,2697,Any% No Wrong Warp
2022-07-14,2022-07-14T11:36:22Z,verified,3386,3386,Any% No Wrong Warp
2022-07-16,2022-07-16T16:43:57Z,verified,4080,4080,Any% No Wrong Warp
2022-08-11,2022-08-11T07:32:16Z,verified,2678,2678,Any% No Wrong Warp
2022-08-26,2022-08-26T19:48:16Z,verified,3346,3346,Any% No Wrong Warp
2022-08-29,2022-08-29T19:01:10Z,verified,2944,2944,Any% No Wrong Warp
2022-09-02,2022-09-02T09:53:39Z,verified,2646,2646,Any% No Wrong Warp
2022-09-16,2022-09-16T21:33:24Z,verified,2632,2632,Any% No Wrong Warp
2023-02-23,2023-02-25T10:52:15Z,verified,3706,3706,Any% No Wrong Warp
2023-02-25,2023-03-02T12:15:11Z,verified,3266,3266,Any% No Wrong Warp
2023-04-06,2023-04-06T12:21:21Z,verified,2499,2499,Any% No Wrong Warp
2023-04-07,2023-04-07T10:13:53Z,verified,3703,3703,Any% No Wrong Warp
2022-06-17,2022-06-17T11:05:53Z,verified,4128,4128,Any% Glitchless
2022-06-20,2022-06-21T06:33:04Z,verified,5919,5919,Any% Glitchless
2022-06-21,2022-06-21T13:18:16Z,verified,4065,4065,Any% Glitchless
2022-06-21,2022-06-21T15:05:27Z,verified,4626,4626,Any% Glitchless
2022-06-23,2022-06-23T14:43:49Z,verified,4059,4059,Any% Glitchless
2022-06-25,2022-06-25T00:28:01Z,verified,3979,3979,Any% Glitchless
2022-06-26,2022-06-26T10:00:13Z,verified,3986,3986,Any% Glitchless
2022-06-26,2022-06-26T18:39:43Z,verified,4293,4293,Any% Glitchless
2022-06-28,2022-06-28T15:45:02Z,verified,5680,5680,Any% Glitchless
2022-06-28,2022-06-28T22:31:13Z,verified,4938,4938,Any% Glitchless
2022-06-29,2022-06-30T12:05:38Z,verified,4064,4064,Any% Glitchless
2022-06-30,2022-06-30T09:53:10Z,verified,4140,4140,Any% Glitchless
2022-07-01,2022-06-30T23:36:59Z,verified,4642,4642,Any% Glitchless
2022-07-02,2022-07-02T20:56:01Z,verified,3908,3908,Any% Glitchless
2022-07-03,2022-07-02T22:40:43Z,verified,4151,4151,Any% Glitchless
2022-07-04,2022-07-04T14:41:29Z,verified,3880,3880,Any% Glitchless
2022-07-05,2022-07-05T04:49:03Z,verified,5646,5646,Any% Glitchless
2022-07-05,2022-07-05T23:07:30Z,verified,4336,4336,Any% Glitchless
2022-07-05,2022-07-06T10:22:19Z,verified,3855,3855,Any% Glitchless
2022-07-06,2022-07-06T20:34:12Z,verified,3994,3994,Any% Glitchless
2022-07-06,2022-07-06T23:38:25Z,verified,4057,4057,Any% Glitchless
2022-07-06,2022-07-07T09:42:52Z,verified,3804,3804,Any% Glitchless
2022-07-07,2022-07-07T00:25:31Z,verified,4112,4112,Any% Glitchless
2022-07-07,2022-07-07T05:53:09Z,verified,3936,3936,Any% Glitchless
2022-07-07,2022-07-08T21:32:00Z,verified,4028,4028,Any% Glitchless
2022-07-09,2022-07-09T07:18:04Z,verified,3964,3964,Any% Glitchless
2022-07-09,2022-07-09T15:48:08Z,verified,4160,4160,Any% Glitchless
2022-07-10,2022-07-10T08:12:09Z,verified,5288,5288,Any% Glitchless
2022-07-12,2022-07-12T08:53:54Z,verified,3793,3793,Any% Glitchless
2022-07-12,2022-07-12T17:33:57Z,verified,4132,4132,Any% Glitchless
2022-07-12,2022-07-12T21:06:19Z,verified,3940,3940,Any% Glitchless
2022-07-13,2022-07-13T13:36:33Z,verified,5283,5283,Any% Glitchless
2022-07-14,2022-07-14T21:12:52Z,verified,5217,5217,Any% Glitchless
2022-07-14,2022-07-15T10:22:02Z,verified,3782,3782,Any% Glitchless
2022-07-15,2022-07-15T09:34:40Z,verified,4010,4010,Any% Glitchless
2022-07-15,2022-07-15T14:49:08Z,verified,3872,3872,Any% Glitchless
2022-07-16,2022-07-16T15:12:35Z,verified,3884,3884,Any% Glitchless
2022-07-17,2022-07-17T04:20:28Z,verified,4654,4654,Any% Glitchless
2022-07-19,2022-07-19T11:04:29Z,verified,3747,3747,Any% Glitchless
2022-07-19,2022-07-19T16:53:45Z,verified,5317,5317,Any% Glitchless
2022-07-19,2022-07-20T07:47:07Z,verified,3939,3939,Any% Glitchless
2022-07-20,2022-07-20T15:26:43Z,verified,3837,3837,Any% Glitchless
2022-07-20,2022-07-21T09:45:54Z,verified,3711,3711,Any% Glitchless
2022-07-21,2022-07-21T17:54:32Z,verified,4566,4566,Any% Glitchless
2022-07-21,2022-07-21T21:44:03Z,verified,3783,3783,Any% Glitchless
2022-07-21,2022-07-21T22:29:04Z,verified,3943,3943,Any% Glitchless
2022-07-23,2022-07-23T19:35:07Z,verified,3953,3953,Any% Glitchless
2022-07-24,2022-07-24T22:14:12Z,verified,4979,4979,Any% Glitchless
2022-07-26,2022-07-26T11:52:07Z,verified,4734,4734,Any% Glitchless
2022-07-26,2022-07-26T20:05:57Z,verified,3910,3910,Any% Glitchless
2022-07-27,2022-07-28T19:12:27Z,verified,3867,3867,Any% Glitchless
2022-07-30,2022-07-30T06:22:01Z,verified,3904,3904,Any% Glitchless
2022-07-31,2022-07-30T16:44:58Z,verified,3775,3775,Any% Glitchless
2022-07-31,2022-07-31T09:38:01Z,verified,4220,4220,Any% Glitchless
2022-08-01,2022-08-01T17:43:21Z,verified,3730,3730,Any% Glitchless
2022-08-02,2022-08-02T09:14:38Z,verified,3862,3862,Any% Glitchless
2022-08-02,2022-08-02T16:19:20Z,verified,3649,3649,Any% Glitchless
2022-08-05,2022-08-05T09:56:17Z,verified,3708,3708,Any% Glitchless
2022-08-05,2022-08-06T14:18:28Z,verified,3620,3620,Any% Glitchless
2022-08-06,2022-08-06T19:04:41Z,verified,3688,3688,Any% Glitchless
2022-08-09,2022-08-09T22:11:55Z,verified,3835,3835,Any% Glitchless
2022-08-13,2022-08-13T21:57:55Z,verified,3871,3871,Any% Glitchless
2022-08-17,2022-08-18T00:09:39Z,verified,3757,3757,Any% Glitchless
2022-08-19,2022-08-20T08:18:06Z,verified,3779,3779,Any% Glitchless
2022-08-22,2022-08-22T03:45:43Z,verified,3630,3630,Any% Glitchless
2022-08-23,2022-08-23T10:28:32Z,verified,3611,3611,Any% Glitchless
2022-08-26,2022-08-26T13:30:00Z,verified,4927,4927,Any% Glitchless
2022-08-26,2022-08-27T22:59:21Z,verified,3621,3621,Any% Glitchless
2022-08-27,2022-08-27T12:01:05Z,verified,3602,3602,Any% Glitchless
2022-08-28,2022-08-29T10:20:46Z,verified,3606,3606,Any% Glitchless
2022-08-31,2022-09-01T00:06:41Z,verified,3581,3581,Any% Glitchless
2022-09-03,2022-09-03T18:36:29Z,verified,3961,3961,Any% Glitchless
2022-09-05,2022-09-06T00:26:10Z,verified,3695,3695,Any% Glitchless
2022-09-05,2022-09-06T14:04:22Z,verified,3587,3587,Any% Glitchless
2022-09-06,2022-09-06T17:35:52Z,verified,5389,5389,Any% Glitchless
2022-09-07,2022-09-08T09:23:06Z,verified,3566,3566,Any% Glitchless
2022-09-10,2022-09-10T10:51:47Z,verified,3573,3573,Any% Glitchless
2022-09-10,2022-09-11T20:15:51Z,verified,4820,4820,Any% Glitchless
2022-09-12,2022-09-14T13:21:46Z,verified,4535,4535,Any% Glitchless
2022-09-13,2022-09-13T05:17:12Z,verified,3636,3636,Any% Glitchless
2022-09-14,2022-09-15T10:39:54Z,verified,3561,3561,Any% Glitchless
2022-09-17,2022-09-17T16:27:02Z,verified,3551,3551,Any% Glitchless
2022-10-04,2022-10-04T17:05:19Z,verified,4348,4348,Any% Glitchless
2022-10-06,2022-10-06T07:01:18Z,verified,3771,3771,Any% Glitchless
2022-10-07,2022-10-08T10:57:53Z,verified,3522,3522,Any% Glitchless
2022-10-11,2022-10-11T17:23:23Z,verified,4002,4002,Any% Glitchless
2022-10-14,2022-10-14T07:02:47Z,verified,3734,3734,Any% Glitchless
2022-10-14,2022-10-14T18:31:45Z,verified,4197,4197,Any% Glitchless
2022-10-17,2022-10-17T00:44:09Z,verified,3693,3693,Any% Glitchless
2022-10-19,2022-10-19T14:00:21Z,verified,4402,4402,Any% Glitchless
2022-11-21,2022-11-21T19:55:14Z,verified,4170,4170,Any% Glitchless
2022-11-23,2022-11-24T07:48:56Z,verified,3820,3820,Any% Glitchless
2022-12-11,2022-12-11T21:13:50Z,verified,4883,4883,Any% Glitchless
2023-02-07,2023-02-07T05:25:25Z,verified,4045,4045,Any% Glitchless
2023-02-08,2023-02-08T06:02:51Z,verified,4486,4486,Any% Glitchless
2023-02-13,2023-02-14T20:28:11Z,verified,3662,3662,Any% Glitchless
2023-02-15,2023-02-21T19:25:26Z,verified,4066,4066,Any% Glitchless
2023-02-21,2023-02-21T05:11:45Z,verified,4154,4154,Any% Glitchless
2023-02-22,2023-02-22T21:13:26Z,verified,5187,5187,Any% Glitchless
2023-02-26,2023-02-26T06:42:33Z,verified,3927,3927,Any% Glitchless
2023-02-28,2023-03-02T08:21:21Z,verified,3585,3585,Any% Glitchless
2023-03-01,2023-03-01T14:25:39Z,verified,3515,3515,Any% Glitchless
2023-03-02,2023-03-02T13:28:44Z,verified,7239,7239,Any% Glitchless
2023-03-02,2023-03-03T09:47:55Z,verified,3492,3492,Any% Glitchless
2023-03-02,2023-03-03T19:09:11Z,verified,3549,3549,Any% Glitchless
2023-03-05,2023-03-06T08:34:41Z,verified,3481,3481,Any% Glitchless
2023-03-06,2023-03-05T16:57:37Z,verified,3615,3615,Any% Glitchless
2023-03-09,2023-03-09T19:43:54Z,verified,3620,3620,Any% Glitchless
2023-03-11,2023-03-11T07:38:56Z,verified,3542,3542,Any% Glitchless
2023-03-11,2023-03-14T06:29:44Z,verified,3546,3546,Any% Glitchless
2023-03-12,2023-03-13T04:01:56Z,verified,4187,4187,Any% Glitchless
2023-03-13,2023-03-13T10:46:24Z,verified,3833,3833,Any% Glitchless
2023-03-13,2023-03-13T11:04:01Z,verified,3759,3759,Any% Glitchless
2023-03-13,2023-03-17T20:08:55Z,verified,3435,3435,Any% Glitchless
2023-03-14,2023-03-15T11:21:00Z,verified,3470,3470,Any% Glitchless
2023-03-14,2023-03-28T08:18:50Z,verified,4039,4039,Any% Glitchless
2023-03-16,2023-03-28T14:10:58Z,verified,3594,3594,Any% Glitchless
2023-03-18,2023-03-18T10:13:29Z,verified,3448,3448,Any% Glitchless
2023-03-19,2023-03-20T03:12:38Z,verified,3506,3506,Any% Glitchless
2023-03-20,2023-03-21T03:20:12Z,verified,3415,3415,Any% Glitchless
2023-03-23,2023-03-23T12:56:40Z,verified,3430,3430,Any% Glitchless
2023-03-26,2023-03-27T08:14:33Z,verified,3421,3421,Any% Glitchless
2023-03-27,2023-03-27T08:54:06Z,verified,4035,4035,Any% Glitchless
2023-03-27,2023-03-27T16:39:12Z,verified,5030,5030,Any% Glitchless
2023-03-27,2023-03-28T09:35:39Z,verified,3511,3511,Any% Glitchless
2023-03-29,2023-03-28T23:57:33Z,verified,3472,3472,Any% Glitchless
2023-03-29,2023-03-30T10:28:01Z,verified,3410,3410,Any% Glitchless
2023-03-29,2023-03-30T13:51:25Z,verified,5552,5552,Any% Glitchless
2023-04-02,2023-04-02T22:16:20Z,verified,5035,5035,Any% Glitchless
2023-04-02,2023-04-03T06:57:50Z,verified,3387,3387,Any% Glitchless
2023-04-02,2023-04-03T08:54:30Z,verified,3404,3404,Any% Glitchless
2023-04-08,2023-04-08T18:33:17Z,verified,4928,4928,Any% Glitchless
2023-04-08,2023-04-09T09:15:56Z,verified,3400,3400,Any% Glitchless
2023-04-12,2023-04-12T09:32:45Z,verified,3604,3604,Any% Glitchless
2023-04-12,2023-04-12T15:41:31Z,verified,4825,4825,Any% Glitchless
2023-04-16,2023-04-16T01:34:25Z,verified,4660,4660,Any% Glitchless
2023-04-16,2023-04-16T22:08:00Z,verified,3432,3432,Any% Glitchless
2023-04-18,2023-04-18T22:02:48Z,verified,4150,4150,Any% Glitchless
2023-04-20,2023-04-21T04:23:37Z,verified,4842,4842,Any% Glitchless
2023-04-22,2023-04-22T11:23:03Z,verified,3699,3699,Any% Glitchless
2023-04-23,2023-04-23T01:46:27Z,verified,4847,4847,Any% Glitchless
2023-04-23,2023-04-23T19:27:54Z,verified,4375,4375,Any% Glitchless
2023-04-23,2023-05-01T21:13:35Z,verified,3429,3429,Any% Glitchless
2023-04-25,2023-04-25T11:54:00Z,verified,3598,3598,Any% Glitchless
2023-04-26,2023-04-26T11:53:39Z,verified,3493,3493,Any% Glitchless
2023-04-27,2023-04-28T03:53:15Z,verified,6769,6769,Any% Glitchless
2023-04-30,2023-04-30T00:32:41Z,verified,4193,4193,Any% Glitchless
2023-05-06,2023-05-06T22:51:39Z,verified,3737,3737,Any% Glitchless
2023-05-07,2023-05-08T01:01:03Z,verified,6778,6778,Any% Glitchless
2023-05-08,2023-05-08T12:07:35Z,verified,3726,3726,Any% Glitchless
2023-05-10,2023-05-09T20:33:08Z,verified,4137,4137,Any% Glitchless
2023-05-10,2023-05-10T06:08:20Z,verified,3420,3420,Any% Glitchless
2023-05-11,2023-05-12T16:06:03Z,verified,3409,3409,Any% Glitchless
2023-05-11,2023-05-21T22:53:04Z,verified,3493,3493,Any% Glitchless
2023-05-12,2023-05-12T18:53:10Z,verified,4755,4755,Any% Glitchless
2023-05-13,2023-05-13T08:25:48Z,verified,3682,3682,Any% Glitchless
2023-05-13,2023-05-14T00:33:40Z,verified,3400,3400,Any% Glitchless
2023-05-14,2023-05-13T22:06:04Z,verified,4595,4595,Any% Glitchless
2023-05-15,2023-05-15T21:49:05Z,verified,3399,3399,Any% Glitchless
2023-05-17,2023-05-17T13:59:52Z,verified,4623,4623,Any% Glitchless
2023-05-20,2023-05-20T19:09:55Z,verified,3387,3387,Any% Glitchless
2023-05-21,2023-05-21T14:56:23Z,verified,6816,6816,Any% Glitchless
2023-05-30,2023-05-30T21:35:40Z,verified,6547,6547,Any% Glitchless
2023-06-07,2023-09-22T22:34:50Z,verified,5147,5147,Any% Glitchless
2023-06-07,2023-06-06T20:37:17Z,verified,4517,4517,Any% Glitchless
2023-06-09,2023-06-09T06:18:32Z,verified,3389,3389,Any% Glitchless
2023-06-10,2023-06-11T18:06:14Z,verified,3370,3370,Any% Glitchless
2023-06-20,2023-06-20T12:34:07Z,verified,4378,4378,Any% Glitchless
2023-06-20,2023-06-21T09:23:14Z,verified,3370,3370,Any% Glitchless
2023-06-21,2023-06-21T21:19:53Z,verified,3361,3361,Any% Glitchless
2023-06-24,2023-06-24T23:24:25Z,verified,3554,3554,Any% Glitchless
2023-07-02,2023-07-03T09:04:57Z,verified,3348,3348,Any% Glitchless
2023-07-09,2023-07-10T05:38:18Z,verified,5775,5775,Any% Glitchless
2023-07-10,2023-07-10T12:08:12Z,verified,4660,4660,Any% Glitchless
2023-07-16,2023-07-16T03:40:08Z,verified,6054,6054,Any% Glitchless
2023-07-19,2023-07-21T10:41:47Z,verified,3342,3342,Any% Glitchless
2023-07-23,2023-07-23T08:47:55Z,verified,3539,3539,Any% Glitchless
2023-08-02,2023-08-02T10:22:12Z,verified,3486,3486,Any% Glitchless
2023-08-02,2023-08-02T10:59:00Z,verified,4340,4340,Any% Glitchless
2023-08-03,2023-08-05T13:29:51Z,verified,4179,4179,Any% Glitchless
2023-08-03,2023-08-03T18:33:45Z,verified,5798,5798,Any% Glitchless
2023-08-04,2023-08-04T11:24:59Z,verified,3903,3903,Any% Glitchless
2023-08-04,2023-08-04T16:37:36Z,verified,3663,3663,Any% Glitchless
2023-08-08,2023-08-08T06:26:55Z,verified,3464,3464,Any% Glitchless
2023-08-10,2023-08-19T00:56:13Z,verified,4143,4143,Any% Glitchless
2023-08-12,2023-08-15T17:12:39Z,verified,4455,4455,Any% Glitchless
2023-08-20,2023-08-23T22:11:45Z,verified,3370,3370,Any% Glitchless
2023-08-26,2023-08-26T23:28:30Z,verified,3888,3888,Any% Glitchless
2023-08-29,2023-08-31T09:02:27Z,verified,3334,3334,Any% Glitchless
2023-09-02,2023-09-02T06:11:51Z,verified,3430,3430,Any% Glitchless
2023-09-11,2023-09-11T13:32:59Z,verified,3521,3521,Any% Glitchless
2023-09-11,2023-09-13T12:19:50Z,verified,3357,3357,Any% Glitchless
2023-09-13,2023-09-13T12:04:21Z,verified,3318,3318,Any% Glitchless
2023-09-14,2023-09-14T19:38:09Z,verified,3520,3520,Any% Glitchless
2023-09-14,2023-09-16T11:10:08Z,verified,3316,3316,Any% Glitchless
2023-09-14,2023-09-14T23:02:57Z,verified,3751,3751,Any% Glitchless
2023-09-16,2023-09-17T10:23:34Z,verified,4067,4067,Any% Glitchless
2023-09-18,2023-09-18T11:31:05Z,verified,3634,3634,Any% Glitchless
2023-09-18,2023-09-18T16:10:00Z,verified,6116,6116,Any% Glitchless
2023-09-22,2023-09-22T21:00:07Z,verified,3510,3510,Any% Glitchless
2023-09-22,2023-09-22T22:07:51Z,verified,5453,5453,Any% Glitchless
2023-09-24,2023-09-26T23:44:24Z,verified,7111,7111,Any% Glitchless
2023-10-07,2023-10-07T17:46:51Z,verified,3988,3988,Any% Glitchless
2023-10-10,2023-10-10T22:23:54Z,verified,7327,7327,Any% Glitchless
2023-10-16,2023-10-16T10:20:38Z,verified,5151,5151,Any% Glitchless
2023-10-17,2023-10-17T20:16:14Z,verified,3442,3442,Any% Glitchless
2023-10-23,2023-10-22T21:46:52Z,verified,3780,3780,Any% Glitchless
2023-10-27,2023-10-27T18:43:37Z,verified,5938,5938,Any% Glitchless
2023-10-28,2023-10-28T09:30:48Z,verified,3833,3833,Any% Glitchless
2023-11-07,2023-11-07T22:52:01Z,verified,3664,3664,Any% Glitchless
2023-11-09,2023-11-08T14:35:09Z,verified,3672,3672,Any% Glitchless
2023-11-09,2023-11-09T11:12:57Z,verified,6061,6061,Any% Glitchless
2023-11-10,2023-11-10T02:03:12Z,verified,4025,4025,Any% Glitchless
2023-11-10,2023-11-10T20:13:50Z,verified,5174,5174,Any% Glitchless
2023-11-13,2023-12-09T02:28:16Z,verified,5890,5890,Any% Glitchless
2023-11-13,2023-11-13T20:35:15Z,verified,4231,4231,Any% Glitchless
2023-11-14,2023-11-19T22:46:12Z,verified,6462,6462,Any% Glitchless
2023-11-17,2023-11-17T13:30:09Z,verified,3601,3601,Any% Glitchless
2023-11-18,2023-11-18T14:08:46Z,verified,3674,3674,Any% Glitchless
2023-11-19,2023-11-20T12:53:42Z,verified,3301,3301,Any% Glitchless
2023-11-22,2023-11-22T00:02:12Z,verified,3722,3722,Any% Glitchless
2023-11-22,2023-11-22T19:48:04Z,verified,3927,3927,Any% Glitchless
2023-11-25,2023-11-25T02:01:19Z,verified,3542,3542,Any% Glitchless
2023-11-30,2023-12-01T01:56:14Z,verified,3663,3663,Any% Glitchless
2023-12-15,2023-12-21T17:04:23Z,verified,3511,3511,Any% Glitchless
2023-12-15,2023-12-15T10:26:39Z,verified,4917,4917,Any% Glitchless
2023-12-16,2023-12-18T20:19:53Z,verified,4107,4107,Any% Glitchless
2023-12-24,2023-12-27T18:38:07Z,verified,3859,3859,Any% Glitchless
2023-12-25,2023-12-25T21:45:47Z,verified,5726,5726,Any% Glitchless
2023-12-26,2023-12-27T00:47:30Z,verified,6836,6836,Any% Glitchless
2023-12-27,2023-12-29T23:01:57Z,verified,3656,3656,Any% Glitchless
2023-12-29,2024-01-21T22:09:11Z,verified,5202,5202,Any% Glitchless
2024-01-03,2024-01-04T17:13:39Z,verified,3520,3520,Any% Glitchless
2024-01-03,2024-01-03T21:24:53Z,verified,13020,13020,Any% Glitchless
2024-01-03,2024-01-03T22:55:08Z,verified,4595,4595,Any% Glitchless
2024-01-06,2024-01-06T01:58:28Z,verified,3557,3557,Any% Glitchless
2024-01-07,2024-01-07T19:10:50Z,verified,5195,5195,Any% Glitchless
2024-01-08,2024-01-08T12:18:20Z,verified,3939,3939,Any% Glitchless
2024-01-11,2024-01-03T21:58:07Z,verified,3536,3536,Any% Glitchless
2024-01-17,2024-01-18T11:46:34Z,verified,5320,5320,Any% Glitchless
2024-01-20,2024-01-20T07:04:43Z,verified,3478,3478,Any% Glitchless
2024-01-24,2024-01-27T05:24:13Z,verified,5606,5606,Any% Glitchless
2024-01-28,2024-01-26T03:51:37Z,verified,3342,3342,Any% Glitchless
2024-02-01,2024-02-01T05:16:17Z,verified,3417,3417,Any% Glitchless
2024-02-07,2024-01-29T12:37:27Z,verified,4530,4530,Any% Glitchless
2024-02-10,2024-02-11T04:44:28Z,verified,9386,9386,Any% Glitchless
2024-02-15,2024-02-15T21:26:23Z,verified,3476,3476,Any% Glitchless
2024-02-17,2024-02-17T14:58:26Z,verified,4225,4225,Any% Glitchless
2022-03-20,2022-03-25T15:05:08Z,verified,10114,10114,All Remembrances
2022-03-26,2022-03-25T15:37:13Z,verified,8692,8692,All Remembrances
2022-03-26,2022-03-25T23:18:22Z,verified,7829,7829,All Remembrances
2022-03-26,2022-03-26T01:42:17Z,verified,11209,11209,All Remembrances
2022-03-26,2022-03-26T09:21:30Z,verified,7843,7843,All Remembrances
2022-03-26,2022-03-26T14:05:37Z,verified,6925,6925,All Remembrances
2022-03-26,2022-03-26T17:08:35Z,verified,10567,10567,All Remembrances
2022-03-26,2022-03-27T04:57:36Z,verified,7958,7958,All Remembrances
2022-03-27,2022-03-28T05:02:33Z,verified,7057,7057,All Remembrances
2022-03-28,2022-03-28T05:27:27Z,verified,6782,6782,All Remembrances
2022-03-28,2022-03-28T10:10:04Z,verified,6131,6131,All Remembrances
2022-03-28,2022-03-28T12:59:59Z,verified,9910,9910,All Remembrances
2022-03-28,2022-03-29T01:40:52Z,verified,7492,7492,All Remembrances
2022-03-29,2022-03-29T00:50:28Z,verified,9596,9596,All Remembrances
2022-03-29,2022-03-29T06:44:02Z,verified,7419,7419,All Remembrances
2022-03-29,2022-03-29T21:14:21Z,verified,9414,9414,All Remembrances
2022-03-29,2022-03-30T06:50:31Z,verified,7144,7144,All Remembrances
2022-03-29,2022-03-30T08:26:49Z,verified,7984,7984,All Remembrances
2022-03-30,2022-03-31T00:13:55Z,verified,8919,8919,All Remembrances
2022-03-30,2022-03-31T23:57:29Z,verified,6888,6888,All Remembrances
2022-03-31,2022-03-31T00:21:44Z,verified,6410,6410,All Remembrances
2022-04-01,2022-03-31T18:37:14Z,verified,6737,6737,All Remembrances
2022-04-01,2022-04-01T18:43:01Z,verified,7383,7383,All Remembrances
2022-04-01,2022-04-02T11:26:19Z,verified,9395,9395,All Remembrances
2022-04-02,2022-04-02T02:49:45Z,verified,6015,6015,All Remembrances
2022-04-02,2022-04-02T11:26:01Z,verified,9288,9288,All Remembrances
2022-04-02,2022-04-02T16:32:41Z,verified,6364,6364,All Remembrances
2022-04-02,2022-04-03T02:10:12Z,verified,6005,6005,All Remembrances
2022-04-02,2022-04-03T03:16:01Z,verified,7956,7956,All Remembrances
2022-04-02,2022-04-04T11:30:23Z,verified,9488,9488,All Remembrances
2022-04-03,2022-04-03T09:36:59Z,verified,6689,6689,All Remembrances
2022-04-03,2022-04-03T15:43:38Z,verified,5967,5967,All Remembrances
2022-04-03,2022-04-03T20:07:25Z,verified,5967,5967,All Remembrances
2022-04-03,2022-04-04T21:03:43Z,verified,8144,8144,All Remembrances
2022-04-04,2022-04-03T18:15:29Z,verified,7443,7443,All Remembrances
2022-04-04,2022-04-05T09:59:17Z,verified,6019,6019,All Remembrances
2022-04-05,2022-04-04T23:03:29Z,verified,5934,5934,All Remembrances
2022-04-05,2022-04-05T08:55:16Z,verified,8267,8267,All Remembrances
2022-04-05,2022-04-05T20:59:57Z,verified,5642,5642,All Remembrances
2022-04-06,2022-04-06T11:57:07Z,verified,5565,5565,All Remembrances
2022-04-06,2022-04-06T21:46:23Z,verified,7901,7901,All Remembrances
2022-04-06,2022-04-07T02:16:24Z,verified,7192,7192,All Remembrances
2022-04-07,2022-04-07T02:58:52Z,verified,6112,6112,All Remembrances
2022-04-07,2022-04-07T20:18:13Z,verified,6667,6667,All Remembrances
2022-04-08,2022-04-08T13:40:18Z,verified,7822,7822,All Remembrances
2022-04-08,2022-04-08T16:18:11Z,verified,7322,7322,All Remembrances
2022-04-08,2022-04-09T02:20:08Z,verified,5658,5658,All Remembrances
2022-04-09,2022-04-09T08:33:35Z,verified,5934,5934,All Remembrances
2022-04-09,2022-04-09T21:28:15Z,verified,6087,6087,All Remembrances
2022-04-09,2022-04-10T06:48:06Z,verified,6656,6656,All Remembrances
2022-04-10,2022-04-10T13:59:03Z,verified,7494,7494,All Remembrances
2022-04-10,2022-04-10T19:12:04Z,verified,9045,9045,All Remembrances
2022-04-10,2022-04-11T00:33:54Z,verified,7034,7034,All Remembrances
2022-04-10,2022-04-12T05:05:33Z,verified,5706,5706,All Remembrances
2022-04-11,2022-04-11T02:28:37Z,verified,5786,5786,All Remembrances
2022-04-11,2022-04-13T19:56:18Z,verified,5536,5536,All Remembrances
2022-04-12,2022-04-11T21:00:46Z,verified,5518,5518,All Remembrances
2022-04-12,2022-04-12T07:15:49Z,verified,7486,7486,All Remembrances
2022-04-13,2022-04-12T16:32:50Z,verified,5277,5277,All Remembrances
2022-04-13,2022-04-13T02:46:59Z,verified,5924,5924,All Remembrances
2022-04-13,2022-04-13T06:18:48Z,verified,5811,5811,All Remembrances
2022-04-13,2022-04-13T20:09:16Z,verified,6845,6845,All Remembrances
2022-04-13,2022-04-14T02:05:35Z,verified,6660,6660,All Remembrances
2022-04-14,2022-04-14T20:23:29Z,verified,5787,5787,All Remembrances
2022-04-15,2022-04-15T10:34:39Z,verified,6997,6997,All Remembrances
2022-04-16,2022-04-16T22:31:07Z,verified,5271,5271,All Remembrances
2022-04-16,2022-04-17T02:31:21Z,verified,6720,6720,All Remembrances
2022-04-16,2022-04-17T15:59:26Z,verified,6017,6017,All Remembrances
2022-04-16,2022-04-18T12:25:35Z,verified,9001,9001,All Remembrances
2022-04-17,2022-04-17T08:56:03Z,verified,5512,5512,All Remembrances
2022-04-17,2022-04-17T15:47:05Z,verified,5249,5249,All Remembrances
2022-04-18,2022-04-17T17:44:31Z,verified,6727,6727,All Remembrances
2022-04-18,2022-04-18T12:14:58Z,verified,5453,5453,All Remembrances
2022-04-19,2022-04-19T13:37:10Z,verified,6230,6230,All Remembrances
2022-04-19,2022-04-19T20:08:01Z,verified,5160,5160,All Remembrances
2022-04-19,2022-04-19T21:43:14Z,verified,5486,5486,All Remembrances
2022-04-20,2022-04-19T23:57:33Z,verified,5764,5764,All Remembrances
2022-04-20,2022-04-20T05:42:58Z,verified,7638,7638,All Remembrances
2022-04-20,2022-04-20T17:33:42Z,verified,5307,5307,All Remembrances
2022-04-20,2022-04-21T02:45:02Z,verified,6322,6322,All Remembrances
2022-04-21,2022-04-21T02:11:17Z,verified,6556,6556,All Remembrances
2022-04-21,2022-04-21T06:17:06Z,verified,6600,6600,All Remembrances
2022-04-21,2022-04-25T09:50:34Z,verified,5506,5506,All Remembrances
2022-04-22,2022-04-21T16:41:02Z,verified,6021,6021,All Remembrances
2022-04-22,2022-04-22T10:14:45Z,verified,6401,6401,All Remembrances
2022-04-23,2022-04-22T18:09:12Z,verified,5507,5507,All Remembrances
2022-04-23,2022-04-23T16:53:55Z,verified,4964,4964,All Remembrances
2022-04-24,2022-04-24T00:01:31Z,verified,8877,8877,All Remembrances
2022-04-25,2022-04-25T22:00:54Z,verified,7153,7153,All Remembrances
2022-04-26,2022-04-26T03:50:08Z,verified,6280,6280,All Remembrances
2022-04-26,2022-04-26T20:32:20Z,verified,4929,4929,All Remembrances
2022-04-26,2022-04-26T20:52:41Z,verified,8722,8722,All Remembrances
2022-04-28,2022-04-28T12:25:09Z,verified,4919,4919,All Remembrances
2022-04-29,2022-04-29T10:37:17Z,verified,5696,5696,All Remembrances
2022-04-29,2022-04-29T20:00:28Z,verified,4667,4667,All Remembrances
2022-04-30,2022-04-30T10:56:59Z,verified,8526,8526,All Remembrances
2022-04-30,2022-04-30T18:44:49Z,verified,7690,7690,All Remembrances
2022-05-04,2022-05-04T02:04:02Z,verified,4855,4855,All Remembrances
2022-05-04,2022-05-04T13:13:07Z,verified,8025,8025,All Remembrances
2022-05-04,2022-05-05T03:13:46Z,verified,8057,8057,All Remembrances
2022-05-05,2022-05-05T17:00:32Z,verified,4888,4888,All Remembrances
2022-05-05,2022-05-05T21:27:25Z,verified,7022,7022,All Remembrances
2022-05-07,2022-05-07T14:32:59Z,verified,4768,4768,All Remembrances
2022-05-08,2022-05-08T10:19:10Z,verified,8662,8662,All Remembrances
2022-05-09,2022-05-08T21:25:27Z,verified,8923,8923,All Remembrances
2022-05-09,2022-05-09T00:13:15Z,verified,7070,7070,All Remembrances
2022-05-09,2022-05-09T04:11:08Z,verified,10295,10295,All Remembrances
2022-05-10,2022-05-10T03:29:05Z,verified,6016,6016,All Remembrances
2022-05-10,2022-05-13T12:45:10Z,verified,9247,9247,All Remembrances
2022-05-11,2022-05-11T16:44:34Z,verified,4722,4722,All Remembrances
2022-05-12,2022-05-12T00:28:23Z,verified,4787,4787,All Remembrances
2022-05-12,2022-05-12T04:38:10Z,verified,6129,6129,All Remembrances
2022-05-14,2022-05-13T18:35:10Z,verified,7898,7898,All Remembrances
2022-05-14,2022-05-14T01:06:20Z,verified,4755,4755,All Remembrances
2022-05-14,2022-05-14T05:44:00Z,verified,5415,5415,All Remembrances
2022-05-16,2022-05-16T16:38:03Z,verified,4651,4651,All Remembrances
2022-05-17,2022-05-16T19:01:05Z,verified,7481,7481,All Remembrances
2022-05-17,2022-05-17T09:49:58Z,verified,8939,8939,All Remembrances
2022-05-17,2022-05-17T10:58:50Z,verified,5482,5482,All Remembrances
2022-05-17,2022-05-18T15:50:02Z,verified,4671,4671,All Remembrances
2022-05-20,2022-05-20T13:39:54Z,verified,4621,4621,All Remembrances
2022-05-22,2022-05-22T09:23:13Z,verified,6526,6526,All Remembrances
2022-05-23,2022-05-23T03:54:42Z,verified,5915,5915,All Remembrances
2022-05-23,2022-05-24T10:30:20Z,verified,9118,9118,All Remembrances
2022-05-24,2022-05-24T06:02:23Z,verified,7478,7478,All Remembrances
2022-05-25,2022-05-25T09:13:05Z,verified,5495,5495,All Remembrances
2022-05-27,2022-05-27T06:31:02Z,verified,5759,5759,All Remembrances
2022-05-27,2022-05-27T17:45:25Z,verified,4640,4640,All Remembrances
2022-05-28,2022-05-27T17:15:45Z,verified,5684,5684,All Remembrances
2022-05-28,2022-05-27T17:30:56Z,verified,7224,7224,All Remembrances
2022-05-28,2022-05-28T15:37:15Z,verified,7019,7019,All Remembrances
2022-05-30,2022-05-30T11:10:59Z,verified,4621,4621,All Remembrances
2022-06-01,2022-06-01T06:21:58Z,verified,5083,5083,All Remembrances
2022-06-01,2022-06-01T10:53:01Z,verified,4989,4989,All Remembrances
2022-06-03,2022-06-02T18:52:27Z,verified,4598,4598,All Remembrances
2022-06-07,2022-06-08T06:40:58Z,verified,4789,4789,All Remembrances
2022-06-07,2022-06-09T16:18:41Z,verified,8367,8367,All Remembrances
2022-06-08,2022-06-08T05:50:34Z,verified,4996,4996,All Remembrances
2022-06-09,2022-06-09T17:09:46Z,verified,4269,4269,All Remembrances
2022-06-14,2022-06-14T07:39:56Z,verified,6847,6847,All Remembrances
2022-06-22,2022-06-22T20:18:10Z,verified,4234,4234,All Remembrances
2022-06-22,2022-06-22T20:18:47Z,verified,4088,4088,All Remembrances
2022-06-24,2022-06-24T20:24:24Z,verified,4032,4032,All Remembrances
2022-06-24,2022-06-24T20:25:13Z,verified,3994,3994,All Remembrances
2022-07-02,2022-07-02T05:54:31Z,verified,5573,5573,All Remembrances
2022-07-04,2022-07-03T23:09:43Z,verified,4422,4422,All Remembrances
2022-07-04,2022-07-04T06:56:01Z,verified,4849,4849,All Remembrances
2022-07-06,2022-07-06T07:32:44Z,verified,6358,6358,All Remembrances
2022-07-09,2022-07-14T23:40:55Z,verified,5890,5890,All Remembrances
2022-07-11,2022-07-18T12:29:56Z,verified,3949,3949,All Remembrances
2022-07-15,2022-07-15T05:47:21Z,verified,4718,4718,All Remembrances
2022-07-19,2022-07-19T21:32:39Z,verified,3944,3944,All Remembrances
2022-07-20,2022-07-20T07:01:28Z,verified,4275,4275,All Remembrances
2022-07-31,2022-08-01T00:11:30Z,verified,4196,4196,All Remembrances
2022-08-04,2022-08-04T07:36:33Z,verified,4117,4117,All Remembrances
2022-08-06,2022-08-06T13:16:18Z,verified,4811,4811,All Remembrances
2022-08-06,2022-08-06T19:58:09Z,verified,3849,3849,All Remembrances
2022-08-08,2022-08-09T11:45:29Z,verified,3827,3827,All Remembrances
2022-08-11,2022-08-10T22:50:34Z,verified,3808,3808,All Remembrances
2022-08-12,2022-08-12T19:21:17Z,verified,3790,3790,All Remembrances
2022-08-18,2022-08-18T16:49:03Z,verified,4288,4288,All Remembrances
2022-08-19,2022-08-19T05:25:40Z,verified,4024,4024,All Remembrances
2022-08-19,2022-08-19T18:45:50Z,verified,3770,3770,All Remembrances
2022-08-22,2022-08-22T05:20:20Z,verified,3992,3992,All Remembrances
2022-08-22,2022-08-23T11:00:27Z,verified,3760,3760,All Remembrances
2022-09-02,2022-09-03T06:23:59Z,verified,3730,3730,All Remembrances
2022-09-03,2022-09-03T19:14:47Z,verified,3722,3722,All Remembrances
2022-09-09,2022-09-09T03:29:22Z,verified,9246,9246,All Remembrances
2022-09-13,2022-09-13T21:23:11Z,verified,4709,4709,All Remembrances
2022-09-16,2022-09-16T06:45:53Z,verified,8714,8714,All Remembrances
2022-09-19,2022-09-19T19:07:42Z,verified,3695,3695,All Remembrances
2022-09-21,2022-09-21T10:04:05Z,verified,4563,4563,All Remembrances
2022-09-21,2022-09-21T19:18:10Z,verified,3674,3674,All Remembrances
2022-09-22,2022-09-22T21:05:42Z,verified,3870,3870,All Remembrances
2022-09-26,2022-09-26T14:42:34Z,verified,4481,4481,All Remembrances
2022-09-29,2022-09-28T17:41:24Z,verified,4819,4819,All Remembrances
2022-12-26,2022-12-26T21:32:40Z,verified,4089,4089,All Remembrances
2022-12-30,2022-12-31T06:10:55Z,verified,4430,4430,All Remembrances
2023-10-01,2023-10-01T12:31:54Z,verified,4414,4414,All Remembrances
2022-11-12,2022-11-13T15:55:29Z,verified,7457,7457,All Remembrances Glitchless
2022-11-12,2022-11-13T18:55:04Z,verified,7238,7238,All Remembrances Glitchless
2022-11-14,2022-11-15T11:02:42Z,verified,7301,7301,All Remembrances Glitchless
2022-11-20,2022-11-20T11:10:08Z,verified,7234,7234,All Remembrances Glitchless
2022-11-22,2022-11-22T21:06:36Z,verified,8384,8384,All Remembrances Glitchless
2022-11-23,2022-11-23T02:37:36Z,verified,8228,8228,All Remembrances Glitchless
2022-11-24,2022-11-24T20:31:55Z,verified,8084,8084,All Remembrances Glitchless
2022-11-25,2022-11-26T13:34:58Z,verified,7179,7179,All Remembrances Glitchless
2022-12-02,2022-12-02T05:36:40Z,verified,7445,7445,All Remembrances Glitchless
2022-12-02,2022-12-02T21:18:16Z,verified,7130,7130,All Remembrances Glitchless
2022-12-05,2022-12-05T02:10:09Z,verified,7934,7934,All Remembrances Glitchless
2022-12-05,2022-12-05T21:46:13Z,verified,7120,7120,All Remembrances Glitchless
2022-12-11,2022-12-11T07:37:31Z,verified,7657,7657,All Remembrances Glitchless
2022-12-12,2022-12-12T21:57:15Z,verified,7048,7048,All Remembrances Glitchless
2022-12-13,2022-12-13T12:02:39Z,verified,7042,7042,All Remembrances Glitchless
2022-12-17,2022-12-17T18:01:30Z,verified,7606,7606,All Remembrances Glitchless
2022-12-18,2022-12-18T16:00:50Z,verified,9405,9405,All Remembrances Glitchless
2022-12-22,2022-12-22T11:17:25Z,verified,7031,7031,All Remembrances Glitchless
2022-12-28,2022-12-27T23:19:19Z,verified,7787,7787,All Remembrances Glitchless
2023-01-11,2023-01-11T15:38:45Z,verified,7651,7651,All Remembrances Glitchless
2023-01-16,2023-01-17T11:42:33Z,verified,6996,6996,All Remembrances Glitchless
2023-01-21,2023-01-21T21:24:31Z,verified,6997,6997,All Remembrances Glitchless
2023-01-26,2023-01-26T09:09:14Z,verified,7334,7334,All Remembrances Glitchless
2023-01-26,2023-01-26T11:06:18Z,verified,6938,6938,All Remembrances Glitchless
2023-01-29,2023-01-29T10:21:38Z,verified,7276,7276,All Remembrances Glitchless
2023-01-31,2023-01-31T11:46:58Z,verified,6806,6806,All Remembrances Glitchless
2023-02-04,2023-02-05T08:48:03Z,verified,6859,6859,All Remembrances Glitchless
2023-02-10,2023-02-10T19:00:49Z,verified,7104,7104,All Remembrances Glitchless
2023-02-11,2023-02-11T11:05:18Z,verified,7052,7052,All Remembrances Glitchless
2023-02-16,2023-02-16T12:12:38Z,verified,6726,6726,All Remembrances Glitchless
2023-02-18,2023-02-18T13:38:49Z,verified,6650,6650,All Remembrances Glitchless
2023-03-06,2023-03-06T16:48:50Z,verified,9098,9098,All Remembrances Glitchless
2023-03-06,2023-03-06T21:16:42Z,verified,6760,6760,All Remembrances Glitchless
2023-03-31,2023-03-31T19:41:24Z,verified,6714,6714,All Remembrances Glitchless
2023-05-30,2023-06-03T09:50:20Z,verified,7153,7153,All Remembrances Glitchless
2023-06-19,2023-06-19T19:52:27Z,verified,6648,6648,All Remembrances Glitchless
2023-07-07,2023-07-07T13:16:26Z,verified,10716,10716,All Remembrances Glitchless
2023-07-10,2023-07-13T05:32:52Z,verified,7422,7422,All Remembrances Glitchless
2023-08-03,2023-08-03T05:45:37Z,verified,7033,7033,All Remembrances Glitchless
2023-08-03,2023-08-03T15:53:57Z,verified,7092,7092,All Remembrances Glitchless
2023-08-07,2023-08-09T08:21:07Z,verified,6974,6974,All Remembrances Glitchless
2023-08-15,2023-08-17T08:17:31Z,verified,6942,6942,All Remembrances Glitchless
2023-08-17,2023-08-17T16:45:58Z,verified,8122,8122,All Remembrances Glitchless
2023-09-04,2023-09-04T18:21:42Z,verified,7781,7781,All Remembrances Glitchless
2023-09-25,2023-09-25T08:50:50Z,verified,6779,6779,All Remembrances Glitchless
2023-09-28,2023-09-25T15:49:42Z,verified,7309,7309,All Remembrances Glitchless
2023-10-22,2023-10-22T19:20:10Z,verified,6616,6616,All Remembrances Glitchless
2023-11-09,2023-11-19T10:48:24Z,verified,6603,6603,All Remembrances Glitchless
2023-11-18,2023-11-19T10:53:09Z,verified,6558,6558,All Remembrances Glitchless
2023-11-29,2023-11-30T01:50:23Z,verified,6543,6543,All Remembrances Glitchless
2023-12-06,2023-12-07T09:50:23Z,verified,7185,7185,All Remembrances Glitchless
2023-12-06,2023-12-08T04:31:15Z,verified,6542,6542,All Remembrances Glitchless
2023-12-12,2023-12-14T23:25:56Z,verified,6538,6538,All Remembrances Glitchless
2023-12-19,2023-12-19T15:39:32Z,verified,9256,9256,All Remembrances Glitchless
2023-12-23,2023-12-24T21:39:29Z,verified,6465,6465,All Remembrances Glitchless
2024-01-11,2024-01-11T00:32:09Z,verified,8332,8332,All Remembrances Glitchless
2024-01-15,2024-01-15T12:58:27Z,verified,6913,6913,All Remembrances Glitchless
2022-04-07,2022-04-07T06:23:07Z,verified,16900,16900,All Achievements
2022-04-12,2022-04-12T08:17:25Z,verified,15386,15386,All Achievements
2022-04-13,2022-04-13T21:16:07Z,verified,15333,15333,All Achievements
2022-04-14,2022-04-14T01:58:56Z,verified,14285,14285,All Achievements
2022-04-18,2022-04-18T14:08:44Z,verified,14695,14695,All Achievements
2022-04-28,2022-04-27T22:36:04Z,verified,13172,13172,All Achievements
2022-05-18,2022-05-18T14:14:56Z,verified,11686,11686,All Achievements
2022-05-20,2022-05-20T18:56:22Z,verified,12920,12920,All Achievements
2022-05-26,2022-05-26T13:51:36Z,verified,11579,11579,All Achievements
2022-06-09,2022-06-09T11:04:44Z,verified,11734,11734,All Achievements
2022-06-14,2022-06-13T23:21:06Z,verified,11202,11202,All Achievements
2022-06-27,2022-06-26T19:32:40Z,verified,10770,10770,All Achievements
2022-08-23,2022-08-23T04:53:21Z,verified,10712,10712,All Achievements
2022-09-21,2022-09-21T20:03:31Z,verified,10447,10447,All Achievements
2022-09-26,2022-09-25T23:35:39Z,verified,10140,10140,All Achievements
2022-12-18,2022-12-18T18:35:19Z,verified,9941,9941,All Achievements
2023-02-20,2023-02-20T02:27:55Z,verified,10186,10186,All Achievements
2023-02-25,2023-02-24T21:45:35Z,verified,9770,9770,All Achievements
2023-03-16,2023-03-16T21:48:54Z,verified,9636,9636,All Achievements
2023-04-08,2023-04-08T00:45:39Z,verified,9553,9553,All Achievements
